parking_name,address,vehicle_types,weekday_fee,weekend_fee,fee_note,google_rating,google_review_count,google_maps_url,street_view_thumbnail_url,source
義大大昌醫院附屬停車場,高雄市三民區大昌一路305、309、311號（B1F部分、B2F、B3F）,汽車,每半小時15元；當日最高上限300元,每半小時15元；當日最高上限300元,（若有月租/上限/優惠，已寫在費率文字內；實際以現場公告為準）,,,https://www.google.com/maps/search/?api=1&query=%E7%BE%A9%E5%A4%A7%E5%A4%A7%E6%98%8C%E9%86%AB%E9%99%A2%E9%99%84%E5%B1%AC%E5%81%9C%E8%BB%8A%E5%A0%B4%20%E9%AB%98%E9%9B%84%E5%B8%82%E4%B8%89%E6%B0%91%E5%8D%80%E5%A4%A7%E6%98%8C%E4%B8%80%E8%B7%AF305%E3%80%81309%E3%80%81311%E8%99%9F%EF%BC%88B1F%E9%83%A8%E5%88%86%E3%80%81B2F%E3%80%81B3F%EF%BC%89,https://maps.googleapis.com/maps/api/streetview?size=600x400&location=%E9%AB%98%E9%9B%84%E5%B8%82%E4%B8%89%E6%B0%91%E5%8D%80%E5%A4%A7%E6%98%8C%E4%B8%80%E8%B7%AF305%E3%80%81309%E3%80%81311%E8%99%9F%EF%BC%88B1F%E9%83%A8%E5%88%86%E3%80%81B2F%E3%80%81B3F%EF%BC%89&key=YOUR_API_KEY,TBKC 合格登記路外民營停車場一覽表(更新至114年10月底)
高富覺民停車場,高雄市三民區九如一路548巷弄6號西側（大順段1069地號）,汽車,"每半小時20元；當日最高320元；月租每月4,000元","每半小時20元；當日最高320元；月租每月4,000元",（若有月租/上限/優惠，已寫在費率文字內；實際以現場公告為準）,,,https://www.google.com/maps/search/?api=1&query=%E9%AB%98%E5%AF%8C%E8%A6%BA%E6%B0%91%E5%81%9C%E8%BB%8A%E5%A0%B4%20%E9%AB%98%E9%9B%84%E5%B8%82%E4%B8%89%E6%B0%91%E5%8D%80%E4%B9%9D%E5%A6%82%E4%B8%80%E8%B7%AF548%E5%B7%B7%E5%BC%846%E8%99%9F%E8%A5%BF%E5%81%B4%EF%BC%88%E5%A4%A7%E9%A0%86%E6%AE%B51069%E5%9C%B0%E8%99%9F%EF%BC%89,https://maps.googleapis.com/maps/api/streetview?size=600x400&location=%E9%AB%98%E9%9B%84%E5%B8%82%E4%B8%89%E6%B0%91%E5%8D%80%E4%B9%9D%E5%A6%82%E4%B8%80%E8%B7%AF548%E5%B7%B7%E5%BC%846%E8%99%9F%E8%A5%BF%E5%81%B4%EF%BC%88%E5%A4%A7%E9%A0%86%E6%AE%B51069%E5%9C%B0%E8%99%9F%EF%BC%89&key=YOUR_API_KEY,TBKC 合格登記路外民營停車場一覽表(更新至114年10月底)
褒忠義民廟停車場,"高雄市三民區褒忠街與壽昌路口西南側（獅頭段2651-4,2653-1地號）",汽車,每半小時15元（當日最高120元）,每半小時15元（當日最高120元）,（若有月租/上限/優惠，已寫在費率文字內；實際以現場公告為準）,,,https://www.google.com/maps/search/?api=1&query=%E8%A4%92%E5%BF%A0%E7%BE%A9%E6%B0%91%E5%BB%9F%E5%81%9C%E8%BB%8A%E5%A0%B4%20%E9%AB%98%E9%9B%84%E5%B8%82%E4%B8%89%E6%B0%91%E5%8D%80%E8%A4%92%E5%BF%A0%E8%A1%97%E8%88%87%E5%A3%BD%E6%98%8C%E8%B7%AF%E5%8F%A3%E8%A5%BF%E5%8D%97%E5%81%B4%EF%BC%88%E7%8D%85%E9%A0%AD%E6%AE%B52651-4%2C2653-1%E5%9C%B0%E8%99%9F%EF%BC%89,https://maps.googleapis.com/maps/api/streetview?size=600x400&location=%E9%AB%98%E9%9B%84%E5%B8%82%E4%B8%89%E6%B0%91%E5%8D%80%E8%A4%92%E5%BF%A0%E8%A1%97%E8%88%87%E5%A3%BD%E6%98%8C%E8%B7%AF%E5%8F%A3%E8%A5%BF%E5%8D%97%E5%81%B4%EF%BC%88%E7%8D%85%E9%A0%AD%E6%AE%B52651-4%2C2653-1%E5%9C%B0%E8%99%9F%EF%BC%89&key=YOUR_API_KEY,TBKC 合格登記路外民營停車場一覽表(更新至114年10月底)
大豐停車場,高雄市三民區大豐二路、春陽街口（灣子內段寶珠溝小段767等地號）,汽車,"月租每月2,500元；08:00~24:00","月租每月2,500元；08:00~24:00",（若有月租/上限/優惠，已寫在費率文字內；實際以現場公告為準）,,,https://www.google.com/maps/search/?api=1&query=%E5%A4%A7%E8%B1%90%E5%81%9C%E8%BB%8A%E5%A0%B4%20%E9%AB%98%E9%9B%84%E5%B8%82%E4%B8%89%E6%B0%91%E5%8D%80%E5%A4%A7%E8%B1%90%E4%BA%8C%E8%B7%AF%E3%80%81%E6%98%A5%E9%99%BD%E8%A1%97%E5%8F%A3%EF%BC%88%E7%81%A3%E5%AD%90%E5%85%A7%E6%AE%B5%E5%AF%B6%E7%8F%A0%E6%BA%9D%E5%B0%8F%E6%AE%B5767%E7%AD%89%E5%9C%B0%E8%99%9F%EF%BC%89,https://maps.googleapis.com/maps/api/streetview?size=600x400&location=%E9%AB%98%E9%9B%84%E5%B8%82%E4%B8%89%E6%B0%91%E5%8D%80%E5%A4%A7%E8%B1%90%E4%BA%8C%E8%B7%AF%E3%80%81%E6%98%A5%E9%99%BD%E8%A1%97%E5%8F%A3%EF%BC%88%E7%81%A3%E5%AD%90%E5%85%A7%E6%AE%B5%E5%AF%B6%E7%8F%A0%E6%BA%9D%E5%B0%8F%E6%AE%B5767%E7%AD%89%E5%9C%B0%E8%99%9F%EF%BC%89&key=YOUR_API_KEY,TBKC 合格登記路外民營停車場一覽表(更新至114年10月底)
永銨正義路停車場,高雄市三民區正義路與正義路311巷口東北側（澄正段16地號）,汽車,"每半小時30元（當日最高300元）；月租每月3,500元","每半小時30元（當日最高300元）；月租每月3,500元",（若有月租/上限/優惠，已寫在費率文字內；實際以現場公告為準）,,,https://www.google.com/maps/search/?api=1&query=%E6%B0%B8%E9%8A%A8%E6%AD%A3%E7%BE%A9%E8%B7%AF%E5%81%9C%E8%BB%8A%E5%A0%B4%20%E9%AB%98%E9%9B%84%E5%B8%82%E4%B8%89%E6%B0%91%E5%8D%80%E6%AD%A3%E7%BE%A9%E8%B7%AF%E8%88%87%E6%AD%A3%E7%BE%A9%E8%B7%AF311%E5%B7%B7%E5%8F%A3%E6%9D%B1%E5%8C%97%E5%81%B4%EF%BC%88%E6%BE%84%E6%AD%A3%E6%AE%B516%E5%9C%B0%E8%99%9F%EF%BC%89,https://maps.googleapis.com/maps/api/streetview?size=600x400&location=%E9%AB%98%E9%9B%84%E5%B8%82%E4%B8%89%E6%B0%91%E5%8D%80%E6%AD%A3%E7%BE%A9%E8%B7%AF%E8%88%87%E6%AD%A3%E7%BE%A9%E8%B7%AF311%E5%B7%B7%E5%8F%A3%E6%9D%B1%E5%8C%97%E5%81%B4%EF%BC%88%E6%BE%84%E6%AD%A3%E6%AE%B516%E5%9C%B0%E8%99%9F%EF%BC%89&key=YOUR_API_KEY,TBKC 合格登記路外民營停車場一覽表(更新至114年10月底)
高雄市立陽明網球場停車場,高雄市三民區澄和路269號（寶國段321地號）,汽車,"每半小時15元（當日最高300元）；月租每月3,000元；身障優惠另計","每半小時15元（當日最高300元）；月租每月3,000元；身障優惠另計",（若有月租/上限/優惠，已寫在費率文字內；實際以現場公告為準）,,,https://www.google.com/maps/search/?api=1&query=%E9%AB%98%E9%9B%84%E5%B8%82%E7%AB%8B%E9%99%BD%E6%98%8E%E7%B6%B2%E7%90%83%E5%A0%B4%E5%81%9C%E8%BB%8A%E5%A0%B4%20%E9%AB%98%E9%9B%84%E5%B8%82%E4%B8%89%E6%B0%91%E5%8D%80%E6%BE%84%E5%92%8C%E8%B7%AF269%E8%99%9F%EF%BC%88%E5%AF%B6%E5%9C%8B%E6%AE%B5321%E5%9C%B0%E8%99%9F%EF%BC%89,https://maps.googleapis.com/maps/api/streetview?size=600x400&location=%E9%AB%98%E9%9B%84%E5%B8%82%E4%B8%89%E6%B0%91%E5%8D%80%E6%BE%84%E5%92%8C%E8%B7%AF269%E8%99%9F%EF%BC%88%E5%AF%B6%E5%9C%8B%E6%AE%B5321%E5%9C%B0%E8%99%9F%EF%BC%89&key=YOUR_API_KEY,TBKC 合格登記路外民營停車場一覽表(更新至114年10月底)
高雄市立中山網球場停車場,高雄市三民區平等路12號（大港段3394及3393-7地號）,汽車,每半小時15元（當日最高300元）；身障優惠另計,每半小時15元（當日最高300元）；身障優惠另計,（若有月租/上限/優惠，已寫在費率文字內；實際以現場公告為準）,,,https://www.google.com/maps/search/?api=1&query=%E9%AB%98%E9%9B%84%E5%B8%82%E7%AB%8B%E4%B8%AD%E5%B1%B1%E7%B6%B2%E7%90%83%E5%A0%B4%E5%81%9C%E8%BB%8A%E5%A0%B4%20%E9%AB%98%E9%9B%84%E5%B8%82%E4%B8%89%E6%B0%91%E5%8D%80%E5%B9%B3%E7%AD%89%E8%B7%AF12%E8%99%9F%EF%BC%88%E5%A4%A7%E6%B8%AF%E6%AE%B53394%E5%8F%8A3393-7%E5%9C%B0%E8%99%9F%EF%BC%89,https://maps.googleapis.com/maps/api/streetview?size=600x400&location=%E9%AB%98%E9%9B%84%E5%B8%82%E4%B8%89%E6%B0%91%E5%8D%80%E5%B9%B3%E7%AD%89%E8%B7%AF12%E8%99%9F%EF%BC%88%E5%A4%A7%E6%B8%AF%E6%AE%B53394%E5%8F%8A3393-7%E5%9C%B0%E8%99%9F%EF%BC%89&key=YOUR_API_KEY,TBKC 合格登記路外民營停車場一覽表(更新至114年10月底)
乾元興停車場,高雄市三民區大順二路530號右側（灣勝段594地號）,汽車,"每半小時15元（當日最高150元）；月租每月3,000元","每半小時15元（當日最高150元）；月租每月3,000元",（若有月租/上限/優惠，已寫在費率文字內；實際以現場公告為準）,,,https://www.google.com/maps/search/?api=1&query=%E4%B9%BE%E5%85%83%E8%88%88%E5%81%9C%E8%BB%8A%E5%A0%B4%20%E9%AB%98%E9%9B%84%E5%B8%82%E4%B8%89%E6%B0%91%E5%8D%80%E5%A4%A7%E9%A0%86%E4%BA%8C%E8%B7%AF530%E8%99%9F%E5%8F%B3%E5%81%B4%EF%BC%88%E7%81%A3%E5%8B%9D%E6%AE%B5594%E5%9C%B0%E8%99%9F%EF%BC%89,https://maps.googleapis.com/maps/api/streetview?size=600x400&location=%E9%AB%98%E9%9B%84%E5%B8%82%E4%B8%89%E6%B0%91%E5%8D%80%E5%A4%A7%E9%A0%86%E4%BA%8C%E8%B7%AF530%E8%99%9F%E5%8F%B3%E5%81%B4%EF%BC%88%E7%81%A3%E5%8B%9D%E6%AE%B5594%E5%9C%B0%E8%99%9F%EF%BC%89&key=YOUR_API_KEY,TBKC 合格登記路外民營停車場一覽表(更新至114年10月底)
酬信大順覺民停車場,高雄市三民區大順二路55巷旁（大順段1059等地號）,汽車,"每半小時40元（當日最高400元）；月租每月4,500元","每半小時40元（當日最高400元）；月租每月4,500元",（若有月租/上限/優惠，已寫在費率文字內；實際以現場公告為準）,,,https://www.google.com/maps/search/?api=1&query=%E9%85%AC%E4%BF%A1%E5%A4%A7%E9%A0%86%E8%A6%BA%E6%B0%91%E5%81%9C%E8%BB%8A%E5%A0%B4%20%E9%AB%98%E9%9B%84%E5%B8%82%E4%B8%89%E6%B0%91%E5%8D%80%E5%A4%A7%E9%A0%86%E4%BA%8C%E8%B7%AF55%E5%B7%B7%E6%97%81%EF%BC%88%E5%A4%A7%E9%A0%86%E6%AE%B51059%E7%AD%89%E5%9C%B0%E8%99%9F%EF%BC%89,https://maps.googleapis.com/maps/api/streetview?size=600x400&location=%E9%AB%98%E9%9B%84%E5%B8%82%E4%B8%89%E6%B0%91%E5%8D%80%E5%A4%A7%E9%A0%86%E4%BA%8C%E8%B7%AF55%E5%B7%B7%E6%97%81%EF%BC%88%E5%A4%A7%E9%A0%86%E6%AE%B51059%E7%AD%89%E5%9C%B0%E8%99%9F%EF%BC%89&key=YOUR_API_KEY,TBKC 合格登記路外民營停車場一覽表(更新至114年10月底)
停壹德旺十全停車場,高雄市三民區德旺街與十全三路口西北側（新都段86~88地號）,汽車,"每半小時30元（當日最高300元）；月租每月3,500元","每半小時30元（當日最高300元）；月租每月3,500元",（若有月租/上限/優惠，已寫在費率文字內；實際以現場公告為準）,,,https://www.google.com/maps/search/?api=1&query=%E5%81%9C%E5%A3%B9%E5%BE%B7%E6%97%BA%E5%8D%81%E5%85%A8%E5%81%9C%E8%BB%8A%E5%A0%B4%20%E9%AB%98%E9%9B%84%E5%B8%82%E4%B8%89%E6%B0%91%E5%8D%80%E5%BE%B7%E6%97%BA%E8%A1%97%E8%88%87%E5%8D%81%E5%85%A8%E4%B8%89%E8%B7%AF%E5%8F%A3%E8%A5%BF%E5%8C%97%E5%81%B4%EF%BC%88%E6%96%B0%E9%83%BD%E6%AE%B586~88%E5%9C%B0%E8%99%9F%EF%BC%89,https://maps.googleapis.com/maps/api/streetview?size=600x400&location=%E9%AB%98%E9%9B%84%E5%B8%82%E4%B8%89%E6%B0%91%E5%8D%80%E5%BE%B7%E6%97%BA%E8%A1%97%E8%88%87%E5%8D%81%E5%85%A8%E4%B8%89%E8%B7%AF%E5%8F%A3%E8%A5%BF%E5%8C%97%E5%81%B4%EF%BC%88%E6%96%B0%E9%83%BD%E6%AE%B586~88%E5%9C%B0%E8%99%9F%EF%BC%89&key=YOUR_API_KEY,TBKC 合格登記路外民營停車場一覽表(更新至114年10月底)
捷安鼎山停車場,高雄市三民區鼎山街248號南側（灣和段38地號）,汽車,"每半小時20元（當日最高150元）；月租每月3,000元","每半小時20元（當日最高150元）；月租每月3,000元",（若有月租/上限/優惠，已寫在費率文字內；實際以現場公告為準）,,,https://www.google.com/maps/search/?api=1&query=%E6%8D%B7%E5%AE%89%E9%BC%8E%E5%B1%B1%E5%81%9C%E8%BB%8A%E5%A0%B4%20%E9%AB%98%E9%9B%84%E5%B8%82%E4%B8%89%E6%B0%91%E5%8D%80%E9%BC%8E%E5%B1%B1%E8%A1%97248%E8%99%9F%E5%8D%97%E5%81%B4%EF%BC%88%E7%81%A3%E5%92%8C%E6%AE%B538%E5%9C%B0%E8%99%9F%EF%BC%89,https://maps.googleapis.com/maps/api/streetview?size=600x400&location=%E9%AB%98%E9%9B%84%E5%B8%82%E4%B8%89%E6%B0%91%E5%8D%80%E9%BC%8E%E5%B1%B1%E8%A1%97248%E8%99%9F%E5%8D%97%E5%81%B4%EF%BC%88%E7%81%A3%E5%92%8C%E6%AE%B538%E5%9C%B0%E8%99%9F%EF%BC%89&key=YOUR_API_KEY,TBKC 合格登記路外民營停車場一覽表(更新至114年10月底)
Times高雄哈爾濱宣化停車場,高雄市三民區哈爾濱街與宣化街口西北側（三塊厝段四小段2501等地號）,汽車,每半小時40元；進場每12小時內連續停放最高300元,每半小時40元；進場每12小時內連續停放最高300元,（若有月租/上限/優惠，已寫在費率文字內；實際以現場公告為準）,,,https://www.google.com/maps/search/?api=1&query=Times%E9%AB%98%E9%9B%84%E5%93%88%E7%88%BE%E6%BF%B1%E5%AE%A3%E5%8C%96%E5%81%9C%E8%BB%8A%E5%A0%B4%20%E9%AB%98%E9%9B%84%E5%B8%82%E4%B8%89%E6%B0%91%E5%8D%80%E5%93%88%E7%88%BE%E6%BF%B1%E8%A1%97%E8%88%87%E5%AE%A3%E5%8C%96%E8%A1%97%E5%8F%A3%E8%A5%BF%E5%8C%97%E5%81%B4%EF%BC%88%E4%B8%89%E5%A1%8A%E5%8E%9D%E6%AE%B5%E5%9B%9B%E5%B0%8F%E6%AE%B52501%E7%AD%89%E5%9C%B0%E8%99%9F%EF%BC%89,https://maps.googleapis.com/maps/api/streetview?size=600x400&location=%E9%AB%98%E9%9B%84%E5%B8%82%E4%B8%89%E6%B0%91%E5%8D%80%E5%93%88%E7%88%BE%E6%BF%B1%E8%A1%97%E8%88%87%E5%AE%A3%E5%8C%96%E8%A1%97%E5%8F%A3%E8%A5%BF%E5%8C%97%E5%81%B4%EF%BC%88%E4%B8%89%E5%A1%8A%E5%8E%9D%E6%AE%B5%E5%9B%9B%E5%B0%8F%E6%AE%B52501%E7%AD%89%E5%9C%B0%E8%99%9F%EF%BC%89&key=YOUR_API_KEY,TBKC 合格登記路外民營停車場一覽表(更新至114年10月底)
中正骨科醫院停車場,高雄市前金區中正四路100號旁（前金段82-1等地號）,汽車/機車,"汽車每半小時25元（當日最高200元）；月租每月3,000元；機車每次10元","汽車每半小時25元（當日最高200元）；月租每月3,000元；機車每次10元",（若有月租/上限/優惠，已寫在費率文字內；實際以現場公告為準）,,,https://www.google.com/maps/search/?api=1&query=%E4%B8%AD%E6%AD%A3%E9%AA%A8%E7%A7%91%E9%86%AB%E9%99%A2%E5%81%9C%E8%BB%8A%E5%A0%B4%20%E9%AB%98%E9%9B%84%E5%B8%82%E5%89%8D%E9%87%91%E5%8D%80%E4%B8%AD%E6%AD%A3%E5%9B%9B%E8%B7%AF100%E8%99%9F%E6%97%81%EF%BC%88%E5%89%8D%E9%87%91%E6%AE%B582-1%E7%AD%89%E5%9C%B0%E8%99%9F%EF%BC%89,https://maps.googleapis.com/maps/api/streetview?size=600x400&location=%E9%AB%98%E9%9B%84%E5%B8%82%E5%89%8D%E9%87%91%E5%8D%80%E4%B8%AD%E6%AD%A3%E5%9B%9B%E8%B7%AF100%E8%99%9F%E6%97%81%EF%BC%88%E5%89%8D%E9%87%91%E6%AE%B582-1%E7%AD%89%E5%9C%B0%E8%99%9F%EF%BC%89&key=YOUR_API_KEY,TBKC 合格登記路外民營停車場一覽表(更新至114年10月底)
詮營高雄民生停車場,高雄市前金區民生二路與自強二路口東北側（前金段391等地號）,汽車,"每半小時25元（當日最高180元）；月租每月3,000元","每半小時25元（當日最高180元）；月租每月3,000元",（若有月租/上限/優惠，已寫在費率文字內；實際以現場公告為準）,,,https://www.google.com/maps/search/?api=1&query=%E8%A9%AE%E7%87%9F%E9%AB%98%E9%9B%84%E6%B0%91%E7%94%9F%E5%81%9C%E8%BB%8A%E5%A0%B4%20%E9%AB%98%E9%9B%84%E5%B8%82%E5%89%8D%E9%87%91%E5%8D%80%E6%B0%91%E7%94%9F%E4%BA%8C%E8%B7%AF%E8%88%87%E8%87%AA%E5%BC%B7%E4%BA%8C%E8%B7%AF%E5%8F%A3%E6%9D%B1%E5%8C%97%E5%81%B4%EF%BC%88%E5%89%8D%E9%87%91%E6%AE%B5391%E7%AD%89%E5%9C%B0%E8%99%9F%EF%BC%89,https://maps.googleapis.com/maps/api/streetview?size=600x400&location=%E9%AB%98%E9%9B%84%E5%B8%82%E5%89%8D%E9%87%91%E5%8D%80%E6%B0%91%E7%94%9F%E4%BA%8C%E8%B7%AF%E8%88%87%E8%87%AA%E5%BC%B7%E4%BA%8C%E8%B7%AF%E5%8F%A3%E6%9D%B1%E5%8C%97%E5%81%B4%EF%BC%88%E5%89%8D%E9%87%91%E6%AE%B5391%E7%AD%89%E5%9C%B0%E8%99%9F%EF%BC%89&key=YOUR_API_KEY,TBKC 合格登記路外民營停車場一覽表(更新至114年10月底)
高雄民生停車場（前金）,高雄市前金區361巷43號旁（後金段188-2地號）,汽車,"每半小時30元（當日最高300元）；月租每月3,000元","每半小時30元（當日最高300元）；月租每月3,000元",（若有月租/上限/優惠，已寫在費率文字內；實際以現場公告為準）,,,https://www.google.com/maps/search/?api=1&query=%E9%AB%98%E9%9B%84%E6%B0%91%E7%94%9F%E5%81%9C%E8%BB%8A%E5%A0%B4%EF%BC%88%E5%89%8D%E9%87%91%EF%BC%89%20%E9%AB%98%E9%9B%84%E5%B8%82%E5%89%8D%E9%87%91%E5%8D%80361%E5%B7%B743%E8%99%9F%E6%97%81%EF%BC%88%E5%BE%8C%E9%87%91%E6%AE%B5188-2%E5%9C%B0%E8%99%9F%EF%BC%89,https://maps.googleapis.com/maps/api/streetview?size=600x400&location=%E9%AB%98%E9%9B%84%E5%B8%82%E5%89%8D%E9%87%91%E5%8D%80361%E5%B7%B743%E8%99%9F%E6%97%81%EF%BC%88%E5%BE%8C%E9%87%91%E6%AE%B5188-2%E5%9C%B0%E8%99%9F%EF%BC%89&key=YOUR_API_KEY,TBKC 合格登記路外民營停車場一覽表(更新至114年10月底)
Times高雄復興新田停車場,高雄市新興區復興二路133號北側（大統段二小段328等地號）,汽車,每半小時50元（平日當日最高500元）,每半小時50元（平日當日最高500元）,（若有月租/上限/優惠，已寫在費率文字內；實際以現場公告為準）,,,https://www.google.com/maps/search/?api=1&query=Times%E9%AB%98%E9%9B%84%E5%BE%A9%E8%88%88%E6%96%B0%E7%94%B0%E5%81%9C%E8%BB%8A%E5%A0%B4%20%E9%AB%98%E9%9B%84%E5%B8%82%E6%96%B0%E8%88%88%E5%8D%80%E5%BE%A9%E8%88%88%E4%BA%8C%E8%B7%AF133%E8%99%9F%E5%8C%97%E5%81%B4%EF%BC%88%E5%A4%A7%E7%B5%B1%E6%AE%B5%E4%BA%8C%E5%B0%8F%E6%AE%B5328%E7%AD%89%E5%9C%B0%E8%99%9F%EF%BC%89,https://maps.googleapis.com/maps/api/streetview?size=600x400&location=%E9%AB%98%E9%9B%84%E5%B8%82%E6%96%B0%E8%88%88%E5%8D%80%E5%BE%A9%E8%88%88%E4%BA%8C%E8%B7%AF133%E8%99%9F%E5%8C%97%E5%81%B4%EF%BC%88%E5%A4%A7%E7%B5%B1%E6%AE%B5%E4%BA%8C%E5%B0%8F%E6%AE%B5328%E7%AD%89%E5%9C%B0%E8%99%9F%EF%BC%89&key=YOUR_API_KEY,TBKC 合格登記路外民營停車場一覽表(更新至114年10月底)
城市車旅新興八德站停車場,高雄市新興區八德二路與同愛街口西北側（新興段四小段183地號）,汽車,"每半小時40元（當日最高300元）；月租每月4,000元","每半小時40元（當日最高300元）；月租每月4,000元",（若有月租/上限/優惠，已寫在費率文字內；實際以現場公告為準）,,,https://www.google.com/maps/search/?api=1&query=%E5%9F%8E%E5%B8%82%E8%BB%8A%E6%97%85%E6%96%B0%E8%88%88%E5%85%AB%E5%BE%B7%E7%AB%99%E5%81%9C%E8%BB%8A%E5%A0%B4%20%E9%AB%98%E9%9B%84%E5%B8%82%E6%96%B0%E8%88%88%E5%8D%80%E5%85%AB%E5%BE%B7%E4%BA%8C%E8%B7%AF%E8%88%87%E5%90%8C%E6%84%9B%E8%A1%97%E5%8F%A3%E8%A5%BF%E5%8C%97%E5%81%B4%EF%BC%88%E6%96%B0%E8%88%88%E6%AE%B5%E5%9B%9B%E5%B0%8F%E6%AE%B5183%E5%9C%B0%E8%99%9F%EF%BC%89,https://maps.googleapis.com/maps/api/streetview?size=600x400&location=%E9%AB%98%E9%9B%84%E5%B8%82%E6%96%B0%E8%88%88%E5%8D%80%E5%85%AB%E5%BE%B7%E4%BA%8C%E8%B7%AF%E8%88%87%E5%90%8C%E6%84%9B%E8%A1%97%E5%8F%A3%E8%A5%BF%E5%8C%97%E5%81%B4%EF%BC%88%E6%96%B0%E8%88%88%E6%AE%B5%E5%9B%9B%E5%B0%8F%E6%AE%B5183%E5%9C%B0%E8%99%9F%EF%BC%89&key=YOUR_API_KEY,TBKC 合格登記路外民營停車場一覽表(更新至114年10月底)
齊杉興華林森停車場,高雄市新興區興華路49號對面（新興段二小段1721等地號）,汽車,"每半小時50元（當日最高500元）；月租每月5,000元","每半小時50元（當日最高500元）；月租每月5,000元",（若有月租/上限/優惠，已寫在費率文字內；實際以現場公告為準）,,,https://www.google.com/maps/search/?api=1&query=%E9%BD%8A%E6%9D%89%E8%88%88%E8%8F%AF%E6%9E%97%E6%A3%AE%E5%81%9C%E8%BB%8A%E5%A0%B4%20%E9%AB%98%E9%9B%84%E5%B8%82%E6%96%B0%E8%88%88%E5%8D%80%E8%88%88%E8%8F%AF%E8%B7%AF49%E8%99%9F%E5%B0%8D%E9%9D%A2%EF%BC%88%E6%96%B0%E8%88%88%E6%AE%B5%E4%BA%8C%E5%B0%8F%E6%AE%B51721%E7%AD%89%E5%9C%B0%E8%99%9F%EF%BC%89,https://maps.googleapis.com/maps/api/streetview?size=600x400&location=%E9%AB%98%E9%9B%84%E5%B8%82%E6%96%B0%E8%88%88%E5%8D%80%E8%88%88%E8%8F%AF%E8%B7%AF49%E8%99%9F%E5%B0%8D%E9%9D%A2%EF%BC%88%E6%96%B0%E8%88%88%E6%AE%B5%E4%BA%8C%E5%B0%8F%E6%AE%B51721%E7%AD%89%E5%9C%B0%E8%99%9F%EF%BC%89&key=YOUR_API_KEY,TBKC 合格登記路外民營停車場一覽表(更新至114年10月底)
日月亭六合停車場,高雄市新興區六合一路與錦田路西南側（新興段一小段918等地號）,汽車,"每半小時40元（當日最高300元）；月租每月4,000元","每半小時40元（當日最高300元）；月租每月4,000元",（若有月租/上限/優惠，已寫在費率文字內；實際以現場公告為準）,,,https://www.google.com/maps/search/?api=1&query=%E6%97%A5%E6%9C%88%E4%BA%AD%E5%85%AD%E5%90%88%E5%81%9C%E8%BB%8A%E5%A0%B4%20%E9%AB%98%E9%9B%84%E5%B8%82%E6%96%B0%E8%88%88%E5%8D%80%E5%85%AD%E5%90%88%E4%B8%80%E8%B7%AF%E8%88%87%E9%8C%A6%E7%94%B0%E8%B7%AF%E8%A5%BF%E5%8D%97%E5%81%B4%EF%BC%88%E6%96%B0%E8%88%88%E6%AE%B5%E4%B8%80%E5%B0%8F%E6%AE%B5918%E7%AD%89%E5%9C%B0%E8%99%9F%EF%BC%89,https://maps.googleapis.com/maps/api/streetview?size=600x400&location=%E9%AB%98%E9%9B%84%E5%B8%82%E6%96%B0%E8%88%88%E5%8D%80%E5%85%AD%E5%90%88%E4%B8%80%E8%B7%AF%E8%88%87%E9%8C%A6%E7%94%B0%E8%B7%AF%E8%A5%BF%E5%8D%97%E5%81%B4%EF%BC%88%E6%96%B0%E8%88%88%E6%AE%B5%E4%B8%80%E5%B0%8F%E6%AE%B5918%E7%AD%89%E5%9C%B0%E8%99%9F%EF%BC%89&key=YOUR_API_KEY,TBKC 合格登記路外民營停車場一覽表(更新至114年10月底)
金石停車場,高雄市新興區明星街32號對面（新興段四小段1111-1等地號）,汽車,每半小時40元（當日最高600元）,每半小時40元（當日最高600元）,（若有月租/上限/優惠，已寫在費率文字內；實際以現場公告為準）,,,https://www.google.com/maps/search/?api=1&query=%E9%87%91%E7%9F%B3%E5%81%9C%E8%BB%8A%E5%A0%B4%20%E9%AB%98%E9%9B%84%E5%B8%82%E6%96%B0%E8%88%88%E5%8D%80%E6%98%8E%E6%98%9F%E8%A1%9732%E8%99%9F%E5%B0%8D%E9%9D%A2%EF%BC%88%E6%96%B0%E8%88%88%E6%AE%B5%E5%9B%9B%E5%B0%8F%E6%AE%B51111-1%E7%AD%89%E5%9C%B0%E8%99%9F%EF%BC%89,https://maps.googleapis.com/maps/api/streetview?size=600x400&location=%E9%AB%98%E9%9B%84%E5%B8%82%E6%96%B0%E8%88%88%E5%8D%80%E6%98%8E%E6%98%9F%E8%A1%9732%E8%99%9F%E5%B0%8D%E9%9D%A2%EF%BC%88%E6%96%B0%E8%88%88%E6%AE%B5%E5%9B%9B%E5%B0%8F%E6%AE%B51111-1%E7%AD%89%E5%9C%B0%E8%99%9F%EF%BC%89&key=YOUR_API_KEY,TBKC 合格登記路外民營停車場一覽表(更新至114年10月底)
城市車旅新興民主站停車場,高雄市新興區民主橫路與明星街口東北側（新興段四小段873等地號）,汽車,"每半小時50元（當日最高500元）；月租每月3,000元（07:00-19:00）","每半小時50元（當日最高500元）；月租每月3,000元（07:00-19:00）",（若有月租/上限/優惠，已寫在費率文字內；實際以現場公告為準）,,,https://www.google.com/maps/search/?api=1&query=%E5%9F%8E%E5%B8%82%E8%BB%8A%E6%97%85%E6%96%B0%E8%88%88%E6%B0%91%E4%B8%BB%E7%AB%99%E5%81%9C%E8%BB%8A%E5%A0%B4%20%E9%AB%98%E9%9B%84%E5%B8%82%E6%96%B0%E8%88%88%E5%8D%80%E6%B0%91%E4%B8%BB%E6%A9%AB%E8%B7%AF%E8%88%87%E6%98%8E%E6%98%9F%E8%A1%97%E5%8F%A3%E6%9D%B1%E5%8C%97%E5%81%B4%EF%BC%88%E6%96%B0%E8%88%88%E6%AE%B5%E5%9B%9B%E5%B0%8F%E6%AE%B5873%E7%AD%89%E5%9C%B0%E8%99%9F%EF%BC%89,https://maps.googleapis.com/maps/api/streetview?size=600x400&location=%E9%AB%98%E9%9B%84%E5%B8%82%E6%96%B0%E8%88%88%E5%8D%80%E6%B0%91%E4%B8%BB%E6%A9%AB%E8%B7%AF%E8%88%87%E6%98%8E%E6%98%9F%E8%A1%97%E5%8F%A3%E6%9D%B1%E5%8C%97%E5%81%B4%EF%BC%88%E6%96%B0%E8%88%88%E6%AE%B5%E5%9B%9B%E5%B0%8F%E6%AE%B5873%E7%AD%89%E5%9C%B0%E8%99%9F%EF%BC%89&key=YOUR_API_KEY,TBKC 合格登記路外民營停車場一覽表(更新至114年10月底)
Times高雄康莊路停車場,高雄市小港區康莊路30號西側（店鎮段一小段1345與1422地號）,汽車,每半小時50元（當日最高500元）,每半小時50元（當日最高500元）,（若有月租/上限/優惠，已寫在費率文字內；實際以現場公告為準）,,,https://www.google.com/maps/search/?api=1&query=Times%E9%AB%98%E9%9B%84%E5%BA%B7%E8%8E%8A%E8%B7%AF%E5%81%9C%E8%BB%8A%E5%A0%B4%20%E9%AB%98%E9%9B%84%E5%B8%82%E5%B0%8F%E6%B8%AF%E5%8D%80%E5%BA%B7%E8%8E%8A%E8%B7%AF30%E8%99%9F%E8%A5%BF%E5%81%B4%EF%BC%88%E5%BA%97%E9%8E%AE%E6%AE%B5%E4%B8%80%E5%B0%8F%E6%AE%B51345%E8%88%871422%E5%9C%B0%E8%99%9F%EF%BC%89,https://maps.googleapis.com/maps/api/streetview?size=600x400&location=%E9%AB%98%E9%9B%84%E5%B8%82%E5%B0%8F%E6%B8%AF%E5%8D%80%E5%BA%B7%E8%8E%8A%E8%B7%AF30%E8%99%9F%E8%A5%BF%E5%81%B4%EF%BC%88%E5%BA%97%E9%8E%AE%E6%AE%B5%E4%B8%80%E5%B0%8F%E6%AE%B51345%E8%88%871422%E5%9C%B0%E8%99%9F%EF%BC%89&key=YOUR_API_KEY,TBKC 合格登記路外民營停車場一覽表(更新至114年10月底)
驛亭小港南北停車場,高雄市小港區南北路54巷11號西側（店鎮段二小段2967地號）,汽車,"月租每月3,000元","月租每月3,000元",（若有月租/上限/優惠，已寫在費率文字內；實際以現場公告為準）,,,https://www.google.com/maps/search/?api=1&query=%E9%A9%9B%E4%BA%AD%E5%B0%8F%E6%B8%AF%E5%8D%97%E5%8C%97%E5%81%9C%E8%BB%8A%E5%A0%B4%20%E9%AB%98%E9%9B%84%E5%B8%82%E5%B0%8F%E6%B8%AF%E5%8D%80%E5%8D%97%E5%8C%97%E8%B7%AF54%E5%B7%B711%E8%99%9F%E8%A5%BF%E5%81%B4%EF%BC%88%E5%BA%97%E9%8E%AE%E6%AE%B5%E4%BA%8C%E5%B0%8F%E6%AE%B52967%E5%9C%B0%E8%99%9F%EF%BC%89,https://maps.googleapis.com/maps/api/streetview?size=600x400&location=%E9%AB%98%E9%9B%84%E5%B8%82%E5%B0%8F%E6%B8%AF%E5%8D%80%E5%8D%97%E5%8C%97%E8%B7%AF54%E5%B7%B711%E8%99%9F%E8%A5%BF%E5%81%B4%EF%BC%88%E5%BA%97%E9%8E%AE%E6%AE%B5%E4%BA%8C%E5%B0%8F%E6%AE%B52967%E5%9C%B0%E8%99%9F%EF%BC%89&key=YOUR_API_KEY,TBKC 合格登記路外民營停車場一覽表(更新至114年10月底)
亞柏會舘停車場,高雄市小港區學府路113號室外地面層部分使用（高松段二小段2005地號）,汽車,"每半小時30元（當日最高300元）；月租每月3,000元","每半小時30元（當日最高300元）；月租每月3,000元",（若有月租/上限/優惠，已寫在費率文字內；實際以現場公告為準）,,,https://www.google.com/maps/search/?api=1&query=%E4%BA%9E%E6%9F%8F%E6%9C%83%E8%88%98%E5%81%9C%E8%BB%8A%E5%A0%B4%20%E9%AB%98%E9%9B%84%E5%B8%82%E5%B0%8F%E6%B8%AF%E5%8D%80%E5%AD%B8%E5%BA%9C%E8%B7%AF113%E8%99%9F%E5%AE%A4%E5%A4%96%E5%9C%B0%E9%9D%A2%E5%B1%A4%E9%83%A8%E5%88%86%E4%BD%BF%E7%94%A8%EF%BC%88%E9%AB%98%E6%9D%BE%E6%AE%B5%E4%BA%8C%E5%B0%8F%E6%AE%B52005%E5%9C%B0%E8%99%9F%EF%BC%89,https://maps.googleapis.com/maps/api/streetview?size=600x400&location=%E9%AB%98%E9%9B%84%E5%B8%82%E5%B0%8F%E6%B8%AF%E5%8D%80%E5%AD%B8%E5%BA%9C%E8%B7%AF113%E8%99%9F%E5%AE%A4%E5%A4%96%E5%9C%B0%E9%9D%A2%E5%B1%A4%E9%83%A8%E5%88%86%E4%BD%BF%E7%94%A8%EF%BC%88%E9%AB%98%E6%9D%BE%E6%AE%B5%E4%BA%8C%E5%B0%8F%E6%AE%B52005%E5%9C%B0%E8%99%9F%EF%BC%89&key=YOUR_API_KEY,TBKC 合格登記路外民營停車場一覽表(更新至114年10月底)
Times高雄廈莊五街第2停車場,高雄市小港區廈莊五街79號街口對面（廈莊段742等地號）,汽車,每半小時50元（當日最高500元）,每半小時50元（當日最高500元）,（若有月租/上限/優惠，已寫在費率文字內；實際以現場公告為準）,,,https://www.google.com/maps/search/?api=1&query=Times%E9%AB%98%E9%9B%84%E5%BB%88%E8%8E%8A%E4%BA%94%E8%A1%97%E7%AC%AC2%E5%81%9C%E8%BB%8A%E5%A0%B4%20%E9%AB%98%E9%9B%84%E5%B8%82%E5%B0%8F%E6%B8%AF%E5%8D%80%E5%BB%88%E8%8E%8A%E4%BA%94%E8%A1%9779%E8%99%9F%E8%A1%97%E5%8F%A3%E5%B0%8D%E9%9D%A2%EF%BC%88%E5%BB%88%E8%8E%8A%E6%AE%B5742%E7%AD%89%E5%9C%B0%E8%99%9F%EF%BC%89,https://maps.googleapis.com/maps/api/streetview?size=600x400&location=%E9%AB%98%E9%9B%84%E5%B8%82%E5%B0%8F%E6%B8%AF%E5%8D%80%E5%BB%88%E8%8E%8A%E4%BA%94%E8%A1%9779%E8%99%9F%E8%A1%97%E5%8F%A3%E5%B0%8D%E9%9D%A2%EF%BC%88%E5%BB%88%E8%8E%8A%E6%AE%B5742%E7%AD%89%E5%9C%B0%E8%99%9F%EF%BC%89&key=YOUR_API_KEY,TBKC 合格登記路外民營停車場一覽表(更新至114年10月底)
上御亭鳳山中山路停車場,高雄市鳳山區中山路138-7號（中山路138-7~138-9號部分使用）,汽車,"平日每半小時30元（當日最高240元）；月租每月3,000元","平日每半小時30元（當日最高240元）；月租每月3,000元",（若有月租/上限/優惠，已寫在費率文字內；實際以現場公告為準）,,,https://www.google.com/maps/search/?api=1&query=%E4%B8%8A%E5%BE%A1%E4%BA%AD%E9%B3%B3%E5%B1%B1%E4%B8%AD%E5%B1%B1%E8%B7%AF%E5%81%9C%E8%BB%8A%E5%A0%B4%20%E9%AB%98%E9%9B%84%E5%B8%82%E9%B3%B3%E5%B1%B1%E5%8D%80%E4%B8%AD%E5%B1%B1%E8%B7%AF138-7%E8%99%9F%EF%BC%88%E4%B8%AD%E5%B1%B1%E8%B7%AF138-7~138-9%E8%99%9F%E9%83%A8%E5%88%86%E4%BD%BF%E7%94%A8%EF%BC%89,https://maps.googleapis.com/maps/api/streetview?size=600x400&location=%E9%AB%98%E9%9B%84%E5%B8%82%E9%B3%B3%E5%B1%B1%E5%8D%80%E4%B8%AD%E5%B1%B1%E8%B7%AF138-7%E8%99%9F%EF%BC%88%E4%B8%AD%E5%B1%B1%E8%B7%AF138-7~138-9%E8%99%9F%E9%83%A8%E5%88%86%E4%BD%BF%E7%94%A8%EF%BC%89&key=YOUR_API_KEY,TBKC 合格登記路外民營停車場一覽表(更新至114年10月底)
曹和機車停車場,高雄市鳳山區和平路與曹公路西南側（曹新段61與85地號）,機車,每半小時10元（當日最高35元）,每半小時10元（當日最高35元）,（若有月租/上限/優惠，已寫在費率文字內；實際以現場公告為準）,,,https://www.google.com/maps/search/?api=1&query=%E6%9B%B9%E5%92%8C%E6%A9%9F%E8%BB%8A%E5%81%9C%E8%BB%8A%E5%A0%B4%20%E9%AB%98%E9%9B%84%E5%B8%82%E9%B3%B3%E5%B1%B1%E5%8D%80%E5%92%8C%E5%B9%B3%E8%B7%AF%E8%88%87%E6%9B%B9%E5%85%AC%E8%B7%AF%E8%A5%BF%E5%8D%97%E5%81%B4%EF%BC%88%E6%9B%B9%E6%96%B0%E6%AE%B561%E8%88%8785%E5%9C%B0%E8%99%9F%EF%BC%89,https://maps.googleapis.com/maps/api/streetview?size=600x400&location=%E9%AB%98%E9%9B%84%E5%B8%82%E9%B3%B3%E5%B1%B1%E5%8D%80%E5%92%8C%E5%B9%B3%E8%B7%AF%E8%88%87%E6%9B%B9%E5%85%AC%E8%B7%AF%E8%A5%BF%E5%8D%97%E5%81%B4%EF%BC%88%E6%9B%B9%E6%96%B0%E6%AE%B561%E8%88%8785%E5%9C%B0%E8%99%9F%EF%BC%89&key=YOUR_API_KEY,TBKC 合格登記路外民營停車場一覽表(更新至114年10月底)
岩程文衡澄清停車場,高雄市鳳山區文衡路592、596、598號室外地面層（大貝湖段112地號）,汽車,"每半小時50元（當日最高500元）；月租每月5,000元","每半小時50元（當日最高500元）；月租每月5,000元",（若有月租/上限/優惠，已寫在費率文字內；實際以現場公告為準）,,,https://www.google.com/maps/search/?api=1&query=%E5%B2%A9%E7%A8%8B%E6%96%87%E8%A1%A1%E6%BE%84%E6%B8%85%E5%81%9C%E8%BB%8A%E5%A0%B4%20%E9%AB%98%E9%9B%84%E5%B8%82%E9%B3%B3%E5%B1%B1%E5%8D%80%E6%96%87%E8%A1%A1%E8%B7%AF592%E3%80%81596%E3%80%81598%E8%99%9F%E5%AE%A4%E5%A4%96%E5%9C%B0%E9%9D%A2%E5%B1%A4%EF%BC%88%E5%A4%A7%E8%B2%9D%E6%B9%96%E6%AE%B5112%E5%9C%B0%E8%99%9F%EF%BC%89,https://maps.googleapis.com/maps/api/streetview?size=600x400&location=%E9%AB%98%E9%9B%84%E5%B8%82%E9%B3%B3%E5%B1%B1%E5%8D%80%E6%96%87%E8%A1%A1%E8%B7%AF592%E3%80%81596%E3%80%81598%E8%99%9F%E5%AE%A4%E5%A4%96%E5%9C%B0%E9%9D%A2%E5%B1%A4%EF%BC%88%E5%A4%A7%E8%B2%9D%E6%B9%96%E6%AE%B5112%E5%9C%B0%E8%99%9F%EF%BC%89&key=YOUR_API_KEY,TBKC 合格登記路外民營停車場一覽表(更新至114年10月底)
八棓停車場,高雄市鳳山區甲智路右側（88快速道路右轉後，二甲段35-1地號）,汽車,"月租每月1,000元","月租每月1,000元",（若有月租/上限/優惠，已寫在費率文字內；實際以現場公告為準）,,,https://www.google.com/maps/search/?api=1&query=%E5%85%AB%E6%A3%93%E5%81%9C%E8%BB%8A%E5%A0%B4%20%E9%AB%98%E9%9B%84%E5%B8%82%E9%B3%B3%E5%B1%B1%E5%8D%80%E7%94%B2%E6%99%BA%E8%B7%AF%E5%8F%B3%E5%81%B4%EF%BC%8888%E5%BF%AB%E9%80%9F%E9%81%93%E8%B7%AF%E5%8F%B3%E8%BD%89%E5%BE%8C%EF%BC%8C%E4%BA%8C%E7%94%B2%E6%AE%B535-1%E5%9C%B0%E8%99%9F%EF%BC%89,https://maps.googleapis.com/maps/api/streetview?size=600x400&location=%E9%AB%98%E9%9B%84%E5%B8%82%E9%B3%B3%E5%B1%B1%E5%8D%80%E7%94%B2%E6%99%BA%E8%B7%AF%E5%8F%B3%E5%81%B4%EF%BC%8888%E5%BF%AB%E9%80%9F%E9%81%93%E8%B7%AF%E5%8F%B3%E8%BD%89%E5%BE%8C%EF%BC%8C%E4%BA%8C%E7%94%B2%E6%AE%B535-1%E5%9C%B0%E8%99%9F%EF%BC%89&key=YOUR_API_KEY,TBKC 合格登記路外民營停車場一覽表(更新至114年10月底)
勁侶頂豐停車場（鳳山）,高雄市鳳山區頂豐街與頂賢街口西南側（明頂段87地號）,汽車,"每半小時20元（當日最高120元）；月租每月3,000元","每半小時20元（當日最高120元）；月租每月3,000元",（若有月租/上限/優惠，已寫在費率文字內；實際以現場公告為準）,,,https://www.google.com/maps/search/?api=1&query=%E5%8B%81%E4%BE%B6%E9%A0%82%E8%B1%90%E5%81%9C%E8%BB%8A%E5%A0%B4%EF%BC%88%E9%B3%B3%E5%B1%B1%EF%BC%89%20%E9%AB%98%E9%9B%84%E5%B8%82%E9%B3%B3%E5%B1%B1%E5%8D%80%E9%A0%82%E8%B1%90%E8%A1%97%E8%88%87%E9%A0%82%E8%B3%A2%E8%A1%97%E5%8F%A3%E8%A5%BF%E5%8D%97%E5%81%B4%EF%BC%88%E6%98%8E%E9%A0%82%E6%AE%B587%E5%9C%B0%E8%99%9F%EF%BC%89,https://maps.googleapis.com/maps/api/streetview?size=600x400&location=%E9%AB%98%E9%9B%84%E5%B8%82%E9%B3%B3%E5%B1%B1%E5%8D%80%E9%A0%82%E8%B1%90%E8%A1%97%E8%88%87%E9%A0%82%E8%B3%A2%E8%A1%97%E5%8F%A3%E8%A5%BF%E5%8D%97%E5%81%B4%EF%BC%88%E6%98%8E%E9%A0%82%E6%AE%B587%E5%9C%B0%E8%99%9F%EF%BC%89&key=YOUR_API_KEY,TBKC 合格登記路外民營停車場一覽表(更新至114年10月底)
岡山（地上）停車場,高雄市岡山區大仁北路3號,汽車,每半小時15元,每半小時15元,（若有月租/上限/優惠，已寫在費率文字內；實際以現場公告為準）,,,https://www.google.com/maps/search/?api=1&query=%E5%B2%A1%E5%B1%B1%EF%BC%88%E5%9C%B0%E4%B8%8A%EF%BC%89%E5%81%9C%E8%BB%8A%E5%A0%B4%20%E9%AB%98%E9%9B%84%E5%B8%82%E5%B2%A1%E5%B1%B1%E5%8D%80%E5%A4%A7%E4%BB%81%E5%8C%97%E8%B7%AF3%E8%99%9F,https://maps.googleapis.com/maps/api/streetview?size=600x400&location=%E9%AB%98%E9%9B%84%E5%B8%82%E5%B2%A1%E5%B1%B1%E5%8D%80%E5%A4%A7%E4%BB%81%E5%8C%97%E8%B7%AF3%E8%99%9F&key=YOUR_API_KEY,TBKC 路外停車場一覽表(公有/委外) 114-12-29
興達港（地上）停車場,高雄市茄萣區民族路51號,汽車,每半小時5元,每半小時5元,（若有月租/上限/優惠，已寫在費率文字內；實際以現場公告為準）,,,https://www.google.com/maps/search/?api=1&query=%E8%88%88%E9%81%94%E6%B8%AF%EF%BC%88%E5%9C%B0%E4%B8%8A%EF%BC%89%E5%81%9C%E8%BB%8A%E5%A0%B4%20%E9%AB%98%E9%9B%84%E5%B8%82%E8%8C%84%E8%90%A3%E5%8D%80%E6%B0%91%E6%97%8F%E8%B7%AF51%E8%99%9F,https://maps.googleapis.com/maps/api/streetview?size=600x400&location=%E9%AB%98%E9%9B%84%E5%B8%82%E8%8C%84%E8%90%A3%E5%8D%80%E6%B0%91%E6%97%8F%E8%B7%AF51%E8%99%9F&key=YOUR_API_KEY,TBKC 路外停車場一覽表(公有/委外) 114-12-29
統嶺社區停車場,高雄市大樹區佛光山寺對面,汽車,平日計次30元/6小時,假日計時15元/半小時,（若有月租/上限/優惠，已寫在費率文字內；實際以現場公告為準）,,,https://www.google.com/maps/search/?api=1&query=%E7%B5%B1%E5%B6%BA%E7%A4%BE%E5%8D%80%E5%81%9C%E8%BB%8A%E5%A0%B4%20%E9%AB%98%E9%9B%84%E5%B8%82%E5%A4%A7%E6%A8%B9%E5%8D%80%E4%BD%9B%E5%85%89%E5%B1%B1%E5%AF%BA%E5%B0%8D%E9%9D%A2,https://maps.googleapis.com/maps/api/streetview?size=600x400&location=%E9%AB%98%E9%9B%84%E5%B8%82%E5%A4%A7%E6%A8%B9%E5%8D%80%E4%BD%9B%E5%85%89%E5%B1%B1%E5%AF%BA%E5%B0%8D%E9%9D%A2&key=YOUR_API_KEY,TBKC 路外停車場一覽表(公有/委外) 114-12-29
